censusBlockId,censusYear,damagedCity,damagedStateAbbreviation,damagedZipCode,destroyed,disasterNumber,floodDamage,floodInsurance,foundationDamage,foundationDamageAmount,grossIncome,habitabilityRepairsRequired,homeOwnersInsurance,householdComposition,id,inspected,ownRent,personalPropertyEligible,ppfvl,primaryResidence,rentalAssistanceAmount,rentalAssistanceEligible,rentalAssistanceEndDate,rentalResourceCity,rentalResourceStateAbbreviation,rentalResourceZipCode,renterDamageLevel,repairAmount,repairAssistanceEligible,replacementAmount,replacementAssistanceEligible,residenceType,roofDamage,roofDamageAmount,rpfvl,sbaEligible,specialNeeds,tsaCheckedIn,tsaEligible,waterLevel
482012409021016,2017,HUMBLE,TX,77338,False,4332,True,False,False,,80000.0,True,True,2,5c12d76ff2238e6fe4035cf5,True,Owner,False,5733.86,True,1594.0,True,,,,,,25059.88,True,,False,House/Duplex,False,,25059.88,True,False,False,True,75
482012507012083,2017,HUMBLE,TX,77338,False,4332,True,False,False,,24000.0,True,True,1,5c12d886f2238e6fe40a5b23,True,Owner,True,3797.05,True,1594.0,True,,,,,,25137.07,True,,False,House/Duplex,False,,25137.07,False,False,False,True,33
482012408021064,2017,HUMBLE,TX,77338,False,4332,True,False,False,,,True,False,1,5c12d6d0f2238e6fe4ff7580,True,Owner,False,8591.93,True,1594.0,True,,,,,,25176.85,True,,False,House/Duplex,False,,25176.85,False,False,False,True,43
482012508003070,2017,HUMBLE,TX,77346,False,4332,True,False,False,,,True,True,7,5c12d722f2238e6fe4016e56,True,Owner,False,11482.92,True,3886.0,True,,,,,,25224.55,True,,False,House/Duplex,False,,25224.55,True,False,False,True,13
482012409021012,2017,HUMBLE,TX,77338,False,4332,True,False,False,,50000.0,True,True,4,5c12d871f2238e6fe409da93,True,Owner,True,4073.35,True,,False,,,,,,25238.23,True,,False,House/Duplex,False,,25818.21,False,False,True,True,51
482012508002019,2017,HUMBLE,TX,77346,False,4332,True,False,False,,45000.0,True,True,2,5c12d89cf2238e6fe40af023,True,Owner,False,7891.51,True,1742.0,True,,,,,,25295.8,True,,False,House/Duplex,False,,20430.81,False,False,False,True,34
482012322004064,2017,HUMBLE,TX,77396,False,4332,True,False,False,,50485.0,True,True,2,5c12d830f2238e6fe4083f49,True,Owner,False,1320.28,True,,False,,,,,,25396.3,True,,False,House/Duplex,False,,25396.3,False,False,False,False,3
482012508003018,2017,HUMBLE,TX,77346,False,4332,True,False,False,,,True,True,3,5c12d7faf2238e6fe406dbc0,True,Owner,True,4238.13,True,1952.0,True,,,,,,25433.8,True,,False,House/Duplex,False,,25433.8,False,False,False,True,41
482012408021063,2017,HUMBLE,TX,77338,False,4332,True,False,False,,24000.0,True,True,7,5c12d86df2238e6fe409c63b,True,Owner,True,7146.54,True,4394.0,True,,,,,,25442.47,True,,False,House/Duplex,False,,25442.47,False,False,False,True,7
482012508003007,2017,HUMBLE,TX,77346,False,4332,True,False,False,,,True,True,4,5c12d86ff2238e6fe409cc73,True,Owner,False,6175.76,True,4618.0,True,,,,,,25519.97,True,,False,House/Duplex,False,,25519.97,False,False,False,True,42
482012507012083,2017,HUMBLE,TX,77338,False,4332,True,False,False,,,True,True,5,5c12d81bf2238e6fe407b55a,True,Owner,False,9348.85,True,2666.0,True,,,,,,25566.71,True,,False,House/Duplex,False,,25566.71,False,False,True,True,32
482012409022050,2017,HUMBLE,TX,77338,False,4332,True,False,False,,20000.0,True,True,2,5c12d6cef2238e6fe4ff6807,True,Owner,True,3650.93,True,1594.0,True,,,,,,25595.61,True,,False,House/Duplex,False,,25595.61,False,False,False,True,39
482012409021012,2017,HUMBLE,TX,77338,False,4332,True,False,False,,29800.0,True,True,1,5c12d758f2238e6fe402cb25,True,Owner,False,3654.24,True,1742.0,True,,,,,,25672.39,True,,False,House/Duplex,False,,25672.39,False,True,False,True,53
482012507012082,2017,HUMBLE,TX,77338,False,4332,True,False,False,,48000.0,True,True,2,5c12d7a8f2238e6fe404c8f0,True,Owner,True,7466.01,True,1952.0,True,,,,,,25720.3,True,,False,House/Duplex,False,,25720.3,True,False,False,True,36
482012507012082,2017,HUMBLE,TX,77338,False,4332,True,False,False,,130000.0,True,True,5,5c12d85cf2238e6fe40957c0,True,Owner,True,6400.4,True,3380.0,True,,,,,,25797.92,True,,False,House/Duplex,False,,25797.92,False,False,False,True,17
482012508002010,2017,HUMBLE,TX,77346,False,4332,True,False,False,,68000.0,True,True,1,5c12d6d2f2238e6fe4ff84ea,True,Owner,True,7761.88,True,3546.0,True,,,,,,25894.36,True,,False,House/Duplex,False,,25894.36,True,False,False,True,24
482012409021016,2017,HUMBLE,TX,77338,False,4332,True,False,False,,81200.0,True,True,2,5c12d7a9f2238e6fe404d152,True,Owner,False,8103.14,True,1742.0,True,,,,,,25896.41,True,,False,House/Duplex,False,,25896.41,True,False,False,True,44
482012408021013,2017,HUMBLE,TX,77338,False,4332,True,False,False,,4100.0,True,True,2,5c12d798f2238e6fe40460b3,True,Owner,True,5727.13,True,1594.0,True,,,,,,25957.18,True,,False,House/Duplex,False,,25957.18,False,False,True,True,36
482012409021028,2017,HUMBLE,TX,77338,False,4332,True,False,False,,103000.0,True,False,7,5c12d7f1f2238e6fe4069f84,True,Owner,True,6680.43,True,4240.0,True,,,,,,26102.88,True,,False,House/Duplex,False,,26102.88,False,False,True,True,65
482012409021019,2017,HUMBLE,TX,77338,False,4332,True,False,False,,4800.0,True,True,1,5c12d8b9f2238e6fe40ba95e,True,Owner,True,5738.37,True,1594.0,True,,,,,,26164.05,True,,False,Townhouse,False,,26164.05,False,False,True,True,90
482012408021063,2017,HUMBLE,TX,77338,False,4332,True,False,False,,59376.0,True,False,4,5c12d757f2238e6fe402c5dc,True,Owner,False,7552.81,True,3380.0,True,,,,,,26546.95,True,,False,House/Duplex,False,,26546.95,False,False,False,True,38
482012507012082,2017,HUMBLE,TX,77338,False,4332,True,False,False,,170000.0,True,True,3,5c12d796f2238e6fe404589f,True,Owner,False,6014.05,True,1952.0,True,,,,,,26547.64,True,,False,House/Duplex,False,,5747.51,True,False,False,True,24
482012507012087,2017,HUMBLE,TX,77338,False,4332,True,False,False,,29316.0,True,True,2,5c12d6d8f2238e6fe4ffa893,True,Owner,False,6472.77,True,1952.0,True,,,,,,26571.65,True,,False,House/Duplex,False,,26571.65,False,False,False,True,26
482012507012076,2017,HUMBLE,TX,77338,False,4332,True,False,False,,36660.0,True,False,4,5c12d8cbf2238e6fe40c1757,True,Owner,True,8982.3,True,2912.0,True,,,,,,26603.74,True,,False,Mobile Home,False,,26603.74,False,False,False,True,25
482012507012087,2017,HUMBLE,TX,77338,False,4332,True,False,False,,115000.0,True,True,3,5c12d7baf2238e6fe4053a70,True,Owner,False,7999.88,True,3904.0,True,,,,,,26626.74,True,,False,House/Duplex,False,,26626.74,True,False,True,True,32
482012508003016,2017,HUMBLE,TX,77346,False,4332,True,False,False,,127500.0,True,True,2,5c12d79df2238e6fe4048196,True,Owner,False,5426.23,True,1952.0,True,,,,,,26650.06,True,,False,House/Duplex,False,,26650.06,True,False,False,True,34
482012409021019,2017,HUMBLE,TX,77338,False,4332,True,False,False,,26400.0,True,False,3,5c12d77bf2238e6fe403a35b,True,Owner,True,8965.17,True,2912.0,True,,,,,,26724.8,True,,False,House/Duplex,False,,26724.8,False,False,True,True,56
482012507012082,2017,HUMBLE,TX,77338,False,4332,True,False,False,,110000.0,True,True,4,5c12d8cbf2238e6fe40c195d,True,Owner,False,8188.02,True,2912.0,True,,,,,,26817.1,True,,False,House/Duplex,False,,26839.38,True,False,False,True,39
482012507012082,2017,HUMBLE,TX,77338,False,4332,True,False,False,,31135.0,True,True,2,5c12d7b1f2238e6fe40502f3,True,Owner,False,5464.69,True,1952.0,True,,,,,,26852.71,True,,False,House/Duplex,False,,26852.71,True,False,False,True,24
482012507012017,2017,HUMBLE,TX,77338,False,4332,True,False,False,,21600.0,True,True,2,5c12d883f2238e6fe40a48ff,True,Owner,True,6946.21,True,1952.0,True,,,,,,26879.91,True,,False,House/Duplex,False,,26879.91,False,True,False,True,34
482012408021004,2017,HUMBLE,TX,77338,False,4332,True,False,False,,122000.0,True,True,2,5c12d7fcf2238e6fe406e6d1,True,Owner,False,7343.75,True,1594.0,True,,,,,,26905.7,True,,False,House/Duplex,False,,26905.7,True,False,False,True,28
482012507012082,2017,HUMBLE,TX,77338,False,4332,True,False,False,,100000.0,True,True,2,5c12d832f2238e6fe4084ba8,True,Owner,False,7694.57,True,1594.0,True,,,,,,27015.2,True,,False,House/Duplex,False,,27015.2,True,False,False,True,40
482012322002005,2017,HUMBLE,TX,77396,False,4332,True,False,False,,5600.0,True,False,7,5c12d799f2238e6fe4046a7f,True,Owner,True,6637.28,True,2666.0,True,,,,,,27103.47,True,,False,Mobile Home,False,,18610.42,False,False,False,True,28
482012508003007,2017,HUMBLE,TX,77346,False,4332,True,False,False,,,True,True,3,5c12d83af2238e6fe4088065,True,Owner,False,4933.74,True,1952.0,True,,,,,,27121.98,True,,False,House/Duplex,False,,27121.98,True,False,False,True,34
482012408021065,2017,HUMBLE,TX,77338,False,4332,True,False,False,,80000.0,True,True,6,5c12d87cf2238e6fe40a208d,True,Owner,False,6999.06,True,2912.0,True,,,,,,27129.08,True,,False,House/Duplex,False,,27151.36,False,False,True,True,84
482012507012087,2017,HUMBLE,TX,77338,False,4332,True,False,False,,172000.0,True,True,2,5c12d6d4f2238e6fe4ff905a,True,Owner,False,7166.77,True,1952.0,True,,,,,,27355.86,True,,False,House/Duplex,False,,27355.86,False,False,False,True,30
482012408021002,2017,HUMBLE,TX,77338,False,4332,True,False,False,,6400.0,True,True,2,5c12d889f2238e6fe40a6f14,True,Owner,False,12786.94,True,5332.0,True,,,,,,27368.0,True,,False,House/Duplex,False,,60464.12,False,False,False,True,50
482012408021024,2017,HUMBLE,TX,77338,False,4332,True,False,False,,44000.0,True,False,3,5c12d727f2238e6fe4018f48,True,Owner,False,6612.52,True,1952.0,True,,,,,,27437.04,True,,False,House/Duplex,False,,27437.04,False,False,False,True,27
482012511003029,2017,HUMBLE,TX,77339,False,4332,True,False,False,,,True,False,5,5c12d8ccf2238e6fe40c1e02,True,Owner,False,11491.38,True,5838.0,True,,,,,,27462.0,True,,False,House/Duplex,False,,98241.26,False,False,False,True,23
482012508003007,2017,HUMBLE,TX,77346,False,4332,True,False,False,,400000.0,True,True,4,5c12d77cf2238e6fe403abb3,True,Owner,False,7609.78,True,5332.0,True,,,,,,27468.0,True,,False,House/Duplex,False,,44731.89,True,False,True,True,54
482012408021086,2017,HUMBLE,TX,77338,False,4332,True,False,False,,54000.0,True,False,3,5c12d6e7f2238e6fe4ffff13,True,Owner,False,9353.28,True,4618.0,True,,,,,,27582.0,True,,False,House/Duplex,False,,39453.49,False,False,True,True,12
482012408021086,2017,HUMBLE,TX,77338,False,4332,True,False,False,,21504.0,True,False,5,5c12d81ff2238e6fe407cd32,True,Owner,False,5059.88,True,4618.0,True,,,,,,27582.0,True,,False,House/Duplex,False,,61956.3,False,False,False,True,86
482012508002010,2017,HUMBLE,TX,77346,False,4332,True,False,True,139.28,,True,True,3,5c12d72af2238e6fe401a6e7,True,Owner,True,3389.73,True,1594.0,True,,,,,,27601.35,True,,False,House/Duplex,False,,30894.5,True,False,False,True,25
482012508003013,2017,HUMBLE,TX,77346,False,4332,True,False,False,,36000.0,True,True,2,5c12d6d3f2238e6fe4ff8808,True,Owner,False,6019.49,True,2132.0,True,,,,,,27605.15,True,,False,House/Duplex,False,,27605.15,True,False,False,True,48
482012409021012,2017,HUMBLE,TX,77338,False,4332,True,False,False,,178000.0,True,True,2,5c12d71cf2238e6fe4014d6b,True,Owner,False,3725.81,True,3546.0,True,,,,,,27610.78,True,,False,House/Duplex,False,,27610.78,False,False,False,True,61
482012507012082,2017,HUMBLE,TX,77338,False,4332,True,False,False,,150000.0,True,False,3,5c12d762f2238e6fe4030e67,True,Owner,False,8556.65,True,2132.0,True,,,,,,27670.84,True,,False,House/Duplex,False,,27670.84,True,False,True,True,41
482012408021004,2017,HUMBLE,TX,77338,False,4332,True,False,False,,50000.0,True,False,4,5c12d7fdf2238e6fe406eea9,True,Owner,False,7707.41,True,3904.0,True,,,,,,27754.59,True,,False,House/Duplex,False,,26101.06,False,False,False,True,48
482012408021106,2017,HUMBLE,TX,77338,False,4332,True,False,False,,,True,True,4,5c12d6c7f2238e6fe4ff3cec,True,Owner,True,4351.32,True,2912.0,True,,,,,,27902.03,True,,False,House/Duplex,False,,27902.03,False,False,False,True,36
482012409021012,2017,HUMBLE,TX,77338,False,4332,True,False,False,,18800.0,True,True,1,5c12d7abf2238e6fe404dd6c,True,Owner,True,5268.2,True,1594.0,True,,,,,,27939.66,True,,False,House/Duplex,False,,27939.66,False,False,True,True,96
482012409021012,2017,HUMBLE,TX,77338,False,4332,True,False,False,,,True,True,7,5c12d75ef2238e6fe402f0d3,True,Owner,False,12529.31,True,5332.0,True,,,,,,27968.0,True,,False,House/Duplex,False,,31186.2,False,False,False,True,46
482012507012082,2017,HUMBLE,TX,77338,False,4332,True,False,False,,51972.0,True,True,2,5c12d71af2238e6fe4013d54,True,Owner,False,7182.84,True,1742.0,True,,,,,,28107.55,True,,False,House/Duplex,False,,28107.55,False,False,True,True,28
482012508003007,2017,HUMBLE,TX,77346,False,4332,True,False,False,,166000.0,True,True,4,5c12d823f2238e6fe407ec55,True,Owner,False,6325.11,True,4618.0,True,,,,,,28182.0,True,,False,House/Duplex,False,,37692.59,False,False,False,True,34
482012409021012,2017,HUMBLE,TX,77338,False,4332,True,False,False,,82000.0,True,True,5,5c12d884f2238e6fe40a4f61,True,Owner,False,7907.59,True,4618.0,True,,,,,,28182.0,True,,False,House/Duplex,False,,33936.28,False,False,False,True,58
482012508003004,2017,HUMBLE,TX,77346,False,4332,True,False,False,,116000.0,True,True,4,5c12d86cf2238e6fe409bbbd,True,Owner,False,3497.15,True,4618.0,True,,,,,,28252.14,True,,False,House/Duplex,False,,28252.14,False,False,False,True,36
482012408021086,2017,HUMBLE,TX,77338,False,4332,True,False,False,,20000.0,True,False,3,5c12d7f7f2238e6fe406c950,True,Owner,False,7091.86,True,3904.0,True,,,,,,28296.0,True,,False,House/Duplex,False,,55745.94,False,False,False,True,114
482012408021086,2017,HUMBLE,TX,77338,False,4332,True,False,False,,3000.0,True,True,1,5c12d7a8f2238e6fe404cba9,True,Owner,True,5113.85,True,1594.0,True,,,,,,28339.23,True,,False,House/Duplex,False,,28339.23,False,False,False,True,54
482012408021013,2017,HUMBLE,TX,77338,False,4332,True,False,False,,60000.0,True,True,2,5c12d6e6f2238e6fe4fffb5e,True,Owner,False,7358.46,True,1594.0,True,,,,,,28411.84,True,,False,House/Duplex,False,,28411.84,False,False,False,True,42
482012322004059,2017,HUMBLE,TX,77396,False,4332,True,False,False,,48000.0,True,True,3,5c12d776f2238e6fe40384d9,True,Owner,False,3658.56,True,,False,,,,,,28421.56,True,,False,House/Duplex,True,249.0,28670.56,False,False,False,True,24
482012408021065,2017,HUMBLE,TX,77338,False,4332,True,False,False,,36000.0,True,True,4,5c12d8acf2238e6fe40b5584,True,Owner,False,7076.11,True,,False,,,,,,28428.5,True,,False,House/Duplex,False,,28428.5,False,False,True,True,90
482012507012082,2017,HUMBLE,TX,77338,False,4332,True,False,False,,85000.0,True,True,5,5c12d840f2238e6fe408a58c,True,Owner,False,14798.53,True,4240.0,True,,,,,,28560.0,True,,False,House/Duplex,False,,45559.05,False,False,True,True,48
482012409021017,2017,HUMBLE,TX,77338,False,4332,True,False,False,,25000.0,True,True,1,5c12d89df2238e6fe40af5d8,True,Owner,True,6596.19,True,1594.0,True,,,,,,28664.19,True,,False,House/Duplex,False,,28664.19,False,False,False,True,60
482012409021012,2017,HUMBLE,TX,77338,False,4332,True,False,False,,75000.0,True,True,3,5c12d8bff2238e6fe40bcb50,True,Owner,False,12226.11,True,2132.0,True,,,,,,28673.5,True,,False,House/Duplex,False,,28673.5,True,False,False,True,50
482012508002006,2017,HUMBLE,TX,77346,False,4332,True,False,False,,420000.0,True,True,4,5c12d6eef2238e6fe4002f9d,True,Owner,False,3920.32,True,4618.0,True,,,,,,28682.0,True,,False,House/Duplex,False,,29649.53,False,False,False,True,24
482012409021012,2017,HUMBLE,TX,77338,False,4332,True,False,False,,63336.0,True,True,4,5c12d775f2238e6fe4037cee,True,Owner,False,9493.49,True,4618.0,True,,,,,,28682.0,True,,False,House/Duplex,False,,29481.37,False,False,False,True,52
482012508003023,2017,HUMBLE,TX,77346,False,4332,True,False,False,,108000.0,True,True,2,5c12d799f2238e6fe4046c7e,True,Owner,False,5041.81,True,1594.0,True,,,,,,28689.12,True,,False,House/Duplex,False,,28689.12,True,False,False,True,30
482012322002007,2017,HUMBLE,TX,77396,False,4332,True,False,False,,,True,True,4,5c12d6d3f2238e6fe4ff85ab,True,Owner,False,6789.17,True,3380.0,True,,,,,,28820.0,True,,False,House/Duplex,False,,44155.72,False,False,False,True,60
482012408021010,2017,HUMBLE,TX,77338,False,4332,True,True,False,,54000.0,True,False,5,5c12d868f2238e6fe409a4a3,True,Owner,False,6442.57,True,3380.0,True,,,,,,28820.0,True,,False,Mobile Home,False,,38724.59,False,False,False,True,49
482012409021028,2017,HUMBLE,TX,77338,False,4332,True,False,False,,90000.0,True,True,7,5c12d719f2238e6fe4013a88,True,Owner,False,8576.51,True,3380.0,True,,,,,,28835.64,True,,False,House/Duplex,False,,28835.64,False,False,True,True,65
482012507012075,2017,HUMBLE,TX,77338,False,4332,True,False,False,,160000.0,True,True,3,5c12d7a5f2238e6fe404b559,True,Owner,True,2184.46,True,1952.0,True,,,,,,28858.26,True,,False,House/Duplex,False,,25707.86,False,False,False,True,32
482012507012082,2017,HUMBLE,TX,77338,False,4332,True,False,False,,100000.0,True,True,4,5c12d7b1f2238e6fe4050125,True,Owner,False,5007.77,True,3904.0,True,,,,,,28896.0,True,,False,House/Duplex,False,,40627.26,False,False,False,True,39
482012408021095,2017,HUMBLE,TX,77338,False,4332,True,False,False,,80000.0,True,True,2,5c12d877f2238e6fe40a052c,True,Owner,False,8123.19,True,3904.0,True,,,,,,28896.0,True,,False,House/Duplex,False,,48759.36,False,False,False,True,82
482012508003070,2017,HUMBLE,TX,77346,False,4332,True,False,False,,250000.0,True,True,8,5c12d7acf2238e6fe404e5cf,True,Owner,False,9817.85,True,4394.0,True,,,,,,28906.0,True,,False,House/Duplex,False,,29084.5,True,False,False,True,33
482012409021014,2017,HUMBLE,TX,77338,False,4332,True,False,False,,75715.0,True,True,4,5c12d800f2238e6fe4070117,True,Owner,False,6622.09,True,3688.0,True,,,,,,28915.22,True,,False,House/Duplex,False,,30178.22,True,False,True,True,65
482012408021004,2017,HUMBLE,TX,77338,False,4332,True,False,False,,100000.0,True,True,3,5c12d7aaf2238e6fe404d4d6,True,Owner,False,6206.61,True,,False,,,,,,28970.08,True,,False,House/Duplex,True,99.6,22531.95,True,False,False,True,28
482012508003020,2017,HUMBLE,TX,77346,False,4332,True,False,False,,150000.0,True,True,8,5c12d867f2238e6fe4099c6b,True,Owner,False,7151.47,True,1594.0,True,,,,,,29064.69,True,,False,House/Duplex,False,,29064.69,False,False,False,True,47
482012507012094,2017,HUMBLE,TX,77338,False,4332,True,False,False,,62000.0,True,True,4,5c12d769f2238e6fe403376c,True,Owner,False,7866.41,True,3688.0,True,,,,,,29112.0,True,,False,House/Duplex,False,,35858.93,False,False,False,True,33
482012409021019,2017,HUMBLE,TX,77338,False,4332,True,False,False,,42000.0,True,True,5,5c12d7b7f2238e6fe4052b0b,True,Owner,False,11619.95,True,3688.0,True,,,,,,29112.0,True,,False,House/Duplex,False,,38274.57,True,False,False,True,78
482012409021019,2017,HUMBLE,TX,77338,False,4332,True,False,False,,95000.0,True,True,5,5c12d8a1f2238e6fe40b09c5,True,Owner,False,7014.84,True,3688.0,True,,,,,,29112.0,True,,False,House/Duplex,False,,29205.31,True,False,False,True,63
482012409021017,2017,HUMBLE,TX,77338,False,4332,True,False,False,,28000.0,True,True,5,5c12d8a3f2238e6fe40b1862,True,Owner,False,6577.45,True,3688.0,True,,,,,,29112.0,True,,False,House/Duplex,False,,31050.72,False,False,True,True,74
482012507012087,2017,HUMBLE,TX,77338,False,4332,True,False,False,,57200.0,True,True,2,5c12d836f2238e6fe40866e1,True,Owner,False,5342.21,True,1594.0,True,,,,,,29213.84,True,,False,House/Duplex,False,,29213.84,True,False,False,True,38
482012507012082,2017,HUMBLE,TX,77338,False,4332,True,False,False,,78000.0,True,True,2,5c12d6f1f2238e6fe40043c8,True,Owner,False,2880.32,True,3546.0,True,,,,,,29254.0,True,,False,House/Duplex,False,,37173.87,True,False,True,True,36
482012508002010,2017,HUMBLE,TX,77346,False,4332,True,False,False,,89000.0,True,True,2,5c12d7f9f2238e6fe406d15a,True,Owner,False,6560.08,True,3546.0,True,,,,,,29254.0,True,,False,House/Duplex,False,,19565.02,True,False,True,True,20
482012507012082,2017,HUMBLE,TX,77338,False,4332,True,False,False,,100000.0,True,True,9,5c12d839f2238e6fe4087731,True,Owner,False,5278.31,True,3546.0,True,,,,,,29254.0,True,,False,House/Duplex,False,,45853.66,True,False,False,True,56
482012409021012,2017,HUMBLE,TX,77338,False,4332,True,False,False,,16800.0,True,True,3,5c12d897f2238e6fe40acd36,True,Owner,False,8751.82,True,2912.0,True,,,,,,29288.0,True,,False,House/Duplex,False,,38600.4,False,False,False,True,49
482012507012087,2017,HUMBLE,TX,77338,False,4332,True,False,False,,,True,False,5,5c12d6eef2238e6fe4002ca4,True,Owner,False,9611.39,True,3380.0,True,,,,,,29420.0,True,,False,House/Duplex,False,,33009.54,False,False,False,True,33
482012409021019,2017,HUMBLE,TX,77338,False,4332,True,False,False,,70000.0,True,True,4,5c12d759f2238e6fe402d0f7,True,Owner,False,7480.72,True,3380.0,True,,,,,,29420.0,True,,False,House/Duplex,False,,35906.92,True,False,True,True,87
482012408021078,2017,HUMBLE,TX,77338,False,4332,True,False,False,,100000.0,True,True,6,5c12d77cf2238e6fe403ad66,True,Owner,False,14350.32,True,3380.0,True,,,,,,29420.0,True,,False,House/Duplex,False,,36773.63,False,False,False,True,50
482012507012082,2017,HUMBLE,TX,77338,False,4332,True,False,False,,45000.0,True,True,5,5c12d7b7f2238e6fe4052bfb,True,Owner,False,8867.95,True,3380.0,True,,,,,,29420.0,True,,False,House/Duplex,False,,43194.57,False,False,True,True,48
482012409021012,2017,HUMBLE,TX,77338,False,4332,True,False,False,,73000.0,True,True,4,5c12d7e8f2238e6fe4066752,True,Owner,False,9467.91,True,3380.0,True,,,,,,29420.0,True,,False,House/Duplex,False,,36491.49,False,False,True,True,49
482012409021016,2017,HUMBLE,TX,77338,False,4332,True,False,False,,95000.0,True,True,4,5c12d7eef2238e6fe4068af8,True,Owner,False,9786.71,True,3380.0,True,,,,,,29420.0,True,,False,House/Duplex,False,,33812.47,False,True,True,True,51
482012409021012,2017,HUMBLE,TX,77338,False,4332,True,False,False,,25000.0,True,True,5,5c12d7f2f2238e6fe406a54d,True,Owner,False,9800.15,True,3380.0,True,,,,,,29420.0,True,,False,House/Duplex,False,,36308.79,False,False,False,True,60
482012508003048,2017,HUMBLE,TX,77346,False,4332,True,False,False,,53000.0,True,True,7,5c12d834f2238e6fe408593d,True,Owner,False,9950.86,True,3380.0,True,,,,,,29420.0,True,,False,House/Duplex,False,,40525.39,False,False,False,True,37
482012508003020,2017,HUMBLE,TX,77346,False,4332,True,False,False,,453816.0,True,True,6,5c12d83ff2238e6fe4089fce,True,Owner,False,8376.38,True,3380.0,True,,,,,,29420.0,True,,False,House/Duplex,False,,41285.78,True,False,False,True,43
482012409021017,2017,HUMBLE,TX,77338,False,4332,True,False,False,,77000.0,True,False,7,5c12d86af2238e6fe409ad78,True,Owner,False,11836.78,True,3380.0,True,,,,,,29420.0,True,,False,House/Duplex,False,,55144.69,False,False,True,True,144
482012508003004,2017,HUMBLE,TX,77346,False,4332,True,False,False,,198000.0,True,True,3,5c12d6bcf2238e6fe4fef380,True,Owner,False,3941.76,True,,False,,,,,,29499.26,True,,False,House/Duplex,False,,29499.26,False,False,False,False,21
482012409021028,2017,HUMBLE,TX,77338,False,4332,True,False,False,,52000.0,True,True,4,5c12d71bf2238e6fe4014633,True,Owner,False,9573.02,True,3688.0,True,,,,,,29612.0,True,,False,House/Duplex,False,,44141.82,True,False,False,True,85
482012507012082,2017,HUMBLE,TX,77338,False,4332,True,False,False,,110000.0,True,True,2,5c12d826f2238e6fe4080056,True,Owner,False,3494.03,True,3546.0,True,,,,,,29754.0,True,,False,House/Duplex,False,,33915.83,True,False,False,True,35
482012507012083,2017,HUMBLE,TX,77338,False,4332,True,False,False,,50000.0,True,True,2,5c12d83bf2238e6fe40888b8,True,Owner,False,3760.48,True,1594.0,True,,,,,,29800.25,True,,False,House/Duplex,False,,29800.25,False,False,False,True,33
482012508002006,2017,HUMBLE,TX,77346,False,4332,True,False,False,,55000.0,True,True,2,5c12d726f2238e6fe4018976,True,Owner,False,751.28,True,3430.56,True,,,,,,29869.44,True,,False,House/Duplex,False,,11651.68,True,False,False,True,1
482012507012083,2017,HUMBLE,TX,77338,False,4332,True,False,False,,90000.0,True,True,1,5c12d8cdf2238e6fe40c2565,True,Owner,False,7130.11,True,1594.0,True,,,,,,29885.95,True,,False,House/Duplex,False,,29885.95,True,False,False,True,36
482012507012082,2017,HUMBLE,TX,77338,False,4332,True,False,False,,137834.0,True,True,3,5c12d70cf2238e6fe400ef13,True,Owner,False,8693.51,True,2912.0,True,,,,,,29888.0,True,,False,House/Duplex,False,,42626.72,False,False,True,True,59
482012508003013,2017,HUMBLE,TX,77346,False,4332,True,False,False,,254100.0,True,True,4,5c12d7e7f2238e6fe4065fba,True,Owner,False,6581.97,True,2912.0,True,,,,,,29888.0,True,,False,House/Duplex,False,,40383.22,True,False,False,True,44
482012508003007,2017,HUMBLE,TX,77346,False,4332,True,False,False,,320000.0,True,True,4,5c12d7f4f2238e6fe406b1c2,True,Owner,False,5936.77,True,2912.0,True,,,,,,29888.0,True,,False,House/Duplex,False,,31953.49,True,False,False,True,59
482012510001018,2017,HUMBLE,TX,77339,False,4332,True,False,False,,250000.0,True,True,4,5c12d6e2f2238e6fe4ffe01f,True,Owner,False,9289.1,True,3380.0,True,,,,,,29920.0,True,,False,House/Duplex,False,,38248.7,False,False,False,True,61
482012508003007,2017,HUMBLE,TX,77346,False,4332,True,False,False,,350000.0,True,True,5,5c12d89ff2238e6fe40b0296,True,Owner,False,5353.65,True,3380.0,True,,,,,,29920.0,True,,False,House/Duplex,False,,38817.32,True,False,False,True,60
482012508003018,2017,HUMBLE,TX,77346,False,4332,True,False,False,,400000.0,True,True,2,5c12d714f2238e6fe40120aa,True,Owner,False,3997.34,True,1594.0,True,,,,,,29921.99,True,,False,House/Duplex,False,,29921.99,True,False,False,True,60
482012507012082,2017,HUMBLE,TX,77338,False,4332,True,False,False,,49000.0,True,True,2,5c12d817f2238e6fe4079c85,True,Owner,True,7507.15,True,1952.0,True,,,,,,30001.81,True,,False,House/Duplex,False,,30001.81,False,True,False,True,32
482012507012082,2017,HUMBLE,TX,77338,False,4332,True,False,False,,,True,True,2,5c12d83af2238e6fe4087f17,True,Owner,False,5075.02,True,,False,,,,,,30073.97,True,,False,House/Duplex,True,39.84,30202.93,False,False,True,True,41
482012409021012,2017,HUMBLE,TX,77338,False,4332,True,False,False,,90000.0,True,True,4,5c12d6cef2238e6fe4ff67eb,True,Owner,False,11568.54,True,2666.0,True,,,,,,30134.0,True,,False,House/Duplex,False,,39909.68,True,False,False,True,73
482012408021079,2017,HUMBLE,TX,77338,False,4332,True,False,False,,100000.0,True,True,4,5c12d6eff2238e6fe400357e,True,Owner,False,8757.51,True,2666.0,True,,,,,,30134.0,True,,False,House/Duplex,False,,36868.76,True,False,True,True,50
482012507012012,2017,HUMBLE,TX,77338,False,4332,True,True,False,,,True,True,3,5c12d76bf2238e6fe403432a,True,Owner,False,5185.81,True,2666.0,True,,,,,,30134.0,True,,False,House/Duplex,False,,61862.83,False,False,False,True,75
482012322003054,2017,HUMBLE,TX,77396,False,4332,True,False,False,,12000.0,True,False,4,5c12d77af2238e6fe403a016,True,Owner,False,8556.32,True,2666.0,True,,,,,,30134.0,True,,False,Mobile Home,False,,35337.02,False,False,True,True,12
482012408021079,2017,HUMBLE,TX,77338,False,4332,True,False,False,,,True,True,4,5c12d800f2238e6fe4070436,True,Owner,False,12682.12,True,2666.0,True,,,,,,30134.0,True,,False,House/Duplex,False,,32180.98,False,False,True,True,28
482012507012083,2017,HUMBLE,TX,77338,False,4332,True,False,False,,98000.0,True,True,3,5c12d834f2238e6fe40857f1,True,Owner,False,9345.27,True,1952.0,True,,,,,,30289.08,True,,False,House/Duplex,False,,30289.08,True,False,False,True,46
482012409021012,2017,HUMBLE,TX,77338,False,4332,True,False,False,,65000.0,True,True,1,5c12d812f2238e6fe4077ba3,True,Owner,False,7047.46,True,1594.0,True,,,,,,30353.83,True,,False,House/Duplex,False,,30353.83,False,False,False,True,54
482012507012076,2017,HUMBLE,TX,77338,False,4332,True,False,False,,20880.0,True,False,4,5c12d724f2238e6fe4017ba2,True,Owner,False,8308.31,True,2912.0,True,,,,,,30388.0,True,,False,Mobile Home,False,,40980.68,False,False,False,False,135
482012409021014,2017,HUMBLE,TX,77338,False,4332,True,False,False,,,True,False,3,5c12d785f2238e6fe403e81a,True,Owner,False,12060.56,True,2912.0,True,,,,,,30388.0,True,,False,House/Duplex,False,,39923.76,False,False,True,True,60
482012409021016,2017,HUMBLE,TX,77338,False,4332,True,False,False,,75000.0,True,True,3,5c12d7d5f2238e6fe405ea64,True,Owner,False,8923.46,True,2912.0,True,,,,,,30388.0,True,,False,House/Duplex,False,,32070.07,False,True,False,True,59
482012510002009,2017,HUMBLE,TX,77339,False,4332,True,False,False,,325000.0,True,True,3,5c12d703f2238e6fe400b4b0,True,Owner,False,6368.55,True,2666.0,True,,,,,,30390.2,True,,False,House/Duplex,False,,30390.2,True,False,False,True,44
482012408021063,2017,HUMBLE,TX,77338,False,4332,True,False,False,,45000.0,True,True,4,5c12d7f1f2238e6fe4069d50,True,Owner,False,5424.97,True,2666.0,True,,,,,,30478.99,True,,False,House/Duplex,False,,30478.99,False,False,False,True,24
482012408021002,2017,HUMBLE,TX,77338,False,4332,True,False,False,,34000.0,True,True,4,5c12d764f2238e6fe4031665,True,Owner,True,3444.75,True,,False,,,,,,30560.41,True,,False,House/Duplex,False,,30582.69,False,False,False,True,24
482012508003007,2017,HUMBLE,TX,77346,False,4332,True,False,False,,12000.0,True,True,2,5c12d72bf2238e6fe401aa04,True,Owner,False,4306.79,True,1594.0,True,,,,,,30606.0,True,,False,House/Duplex,False,,20764.77,False,False,False,True,37
482012408021134,2017,HUMBLE,TX,77338,False,4332,True,False,False,,2200.0,True,False,1,5c12d7dff2238e6fe406299f,True,Owner,False,7063.31,True,1594.0,True,,,,,,30606.0,True,,False,House/Duplex,False,,40368.36,False,False,False,True,78
482012409021017,2017,HUMBLE,TX,77338,False,4332,True,False,False,,17724.0,True,True,1,5c12d83df2238e6fe408958a,True,Owner,False,10106.46,True,1594.0,True,,,,,,30606.0,True,,False,House/Duplex,False,,35227.01,False,False,False,True,66
482012409021012,2017,HUMBLE,TX,77338,False,4332,True,False,False,,12000.0,True,True,1,5c12d83ff2238e6fe408a318,True,Owner,False,6041.86,True,1594.0,True,,,,,,30606.0,True,,False,House/Duplex,False,,38457.49,False,False,False,True,62
482012503012004,2017,HUMBLE,TX,77396,False,4332,True,False,False,,18228.0,True,True,3,5c12d721f2238e6fe4016c62,True,Owner,False,2049.52,True,2666.0,True,,,,,,30634.0,True,,False,House/Duplex,False,,12457.08,True,False,False,True,6
482012508003007,2017,HUMBLE,TX,77346,False,4332,True,False,False,,250000.0,True,True,3,5c12d7b5f2238e6fe4052010,True,Owner,False,3217.02,True,2666.0,True,,,,,,30634.0,True,,False,House/Duplex,False,,55448.09,True,False,False,True,48
482012408021002,2017,HUMBLE,TX,77338,False,4332,True,False,False,,54000.0,True,True,3,5c12d889f2238e6fe40a7103,True,Owner,False,11377.07,True,2666.0,True,,,,,,30634.0,True,,False,House/Duplex,False,,37007.16,True,False,False,True,64
482012409021014,2017,HUMBLE,TX,77338,False,4332,True,False,False,,26000.0,True,True,4,5c12d8baf2238e6fe40bae2f,True,Owner,False,4777.94,True,2666.0,True,,,,,,30634.0,True,,False,House/Duplex,False,,35475.05,True,False,False,True,78
482012409021017,2017,HUMBLE,TX,77338,False,4332,True,False,False,,48000.0,True,True,2,5c12d6e7f2238e6fe4fffde1,True,Owner,False,8262.6,True,2132.0,True,,,,,,30668.0,True,,False,House/Duplex,False,,44897.92,True,False,False,True,53
482012409021014,2017,HUMBLE,TX,77338,False,4332,True,False,False,,58000.0,True,True,2,5c12d6eff2238e6fe40031bc,True,Owner,False,9411.65,True,2132.0,True,,,,,,30668.0,True,,False,House/Duplex,False,,41182.97,False,False,True,True,64
482012507012080,2017,HUMBLE,TX,77338,False,4332,True,False,False,,86000.0,True,True,3,5c12d714f2238e6fe401262e,True,Owner,False,7416.9,True,2132.0,True,,,,,,30668.0,True,,False,Mobile Home,True,74.7,37175.09,True,False,False,True,26
482012409021019,2017,HUMBLE,TX,77338,False,4332,True,False,False,,29000.0,True,True,2,5c12d7b5f2238e6fe4051ec3,True,Owner,False,8972.79,True,2132.0,True,,,,,,30668.0,True,,False,House/Duplex,False,,44247.8,False,True,False,True,72
482012508003007,2017,HUMBLE,TX,77346,False,4332,True,True,False,,190000.0,True,True,3,5c12d8d0f2238e6fe40c36f9,True,Owner,False,6019.8,True,2132.0,True,,,,,,30668.0,True,,False,House/Duplex,False,,36443.23,True,False,False,True,57
482012409021016,2017,HUMBLE,TX,77338,False,4332,True,False,False,,115000.0,True,True,2,5c12d814f2238e6fe40784b6,True,Owner,False,5282.48,True,1594.0,True,,,,,,30694.34,True,,False,House/Duplex,False,,30694.34,True,False,False,True,52
482012507012006,2017,HUMBLE,TX,77346,False,4332,True,False,False,,,True,True,3,5c12d728f2238e6fe4019a94,True,Owner,False,11845.46,True,1952.0,True,,,,,,30748.0,True,,False,House/Duplex,False,,39980.2,False,False,False,True,36
482012507012082,2017,HUMBLE,TX,77338,False,4332,True,False,False,,18000.0,True,True,1,5c12d7f4f2238e6fe406b1f3,True,Owner,True,6525.79,True,1594.0,True,,,,,,30779.91,True,,False,House/Duplex,False,,30779.91,False,False,True,True,43
482012408021095,2017,HUMBLE,TX,77338,False,4332,True,False,False,,39000.0,True,False,2,5c12d6e8f2238e6fe400064f,True,Owner,False,10043.65,True,1952.0,True,,,,,,30848.0,True,,False,House/Duplex,False,,38548.47,False,False,False,True,72
482012507012082,2017,HUMBLE,TX,77338,False,4332,True,False,False,,,True,True,3,5c12d6eef2238e6fe4002ba6,True,Owner,False,8563.56,True,1952.0,True,,,,,,30848.0,True,,False,House/Duplex,False,,36231.05,False,False,False,True,42
482012508003017,2017,HUMBLE,TX,77346,False,4332,True,False,False,,125000.0,True,True,3,5c12d6f0f2238e6fe4003971,True,Owner,False,8742.15,True,1952.0,True,,,,,,30848.0,True,,False,House/Duplex,False,,29219.55,True,False,False,True,31
482012507012082,2017,HUMBLE,TX,77338,False,4332,True,False,False,,64000.0,True,True,2,5c12d7a7f2238e6fe404c46b,True,Owner,False,8929.71,True,1952.0,True,,,,,,30848.0,True,,False,House/Duplex,True,149.4,36099.07,False,False,False,True,32
482012408021013,2017,HUMBLE,TX,77338,False,4332,True,False,False,,48000.0,True,False,3,5c12d7b3f2238e6fe4050fb8,True,Owner,False,4272.92,True,1952.0,True,,,,,,30848.0,True,,False,House/Duplex,False,,42748.64,False,False,False,True,61
482012507012087,2017,HUMBLE,TX,77338,False,4332,True,False,False,,42000.0,True,True,2,5c12d7b6f2238e6fe4052599,True,Owner,False,6775.49,True,1952.0,True,,,,,,30848.0,True,,False,House/Duplex,False,,35141.38,False,False,True,True,28
482012408021025,2017,HUMBLE,TX,77338,False,4332,True,False,False,,36000.0,True,False,3,5c12d7eff2238e6fe40691b4,True,Owner,False,5930.44,True,1952.0,True,,,,,,30848.0,True,,False,House/Duplex,False,,66162.99,False,False,True,True,1
482012409021017,2017,HUMBLE,TX,77338,False,4332,True,False,False,,36000.0,True,False,3,5c12d837f2238e6fe4086d4e,True,Owner,False,10550.74,True,1952.0,True,,,,,,30848.0,True,,False,House/Duplex,False,,41459.86,False,False,True,True,56
482012508003069,2017,HUMBLE,TX,77346,False,4332,True,False,False,,400000.0,True,True,5,5c12d83bf2238e6fe4088437,True,Owner,False,9371.2,True,1952.0,True,,,,,,30848.0,True,,False,House/Duplex,False,,34798.58,True,False,False,True,42
482012508003005,2017,HUMBLE,TX,77346,False,4332,True,False,False,,,True,True,2,5c12d8c0f2238e6fe40bd0da,True,Owner,False,7438.85,True,1952.0,True,,,,,,30848.0,True,,False,House/Duplex,False,,44613.67,False,False,False,True,60
482012508003025,2017,HUMBLE,TX,77346,False,4332,True,False,False,,423000.0,True,True,2,5c12d6f3f2238e6fe4004f8e,True,Owner,False,5627.62,True,1742.0,True,,,,,,30958.0,True,,False,House/Duplex,False,,57051.79,False,False,False,False,48
482012507012051,2017,HUMBLE,TX,77338,False,4332,True,True,False,,8844.0,True,False,1,5c12d80ef2238e6fe4075e7a,True,Owner,False,3158.73,True,1742.0,True,,,,,,30958.0,True,,False,Mobile Home,False,,41696.0,False,False,False,True,74
482012408021002,2017,HUMBLE,TX,77338,False,4332,True,False,False,,210000.0,True,True,2,5c12d889f2238e6fe40a6f1d,True,Owner,False,8076.35,True,1742.0,True,,,,,,30958.0,True,,False,House/Duplex,False,,32284.12,False,False,False,True,47
482012508003016,2017,HUMBLE,TX,77346,False,4332,True,False,False,,75000.0,True,True,1,5c12d8b2f2238e6fe40b7b9e,True,Owner,False,6980.57,True,1742.0,True,,,,,,31058.0,True,,False,House/Duplex,False,,34414.5,True,False,False,True,48
482012508003016,2017,HUMBLE,TX,77346,False,4332,True,False,False,,,True,True,2,5c12d6d3f2238e6fe4ff85bc,True,Owner,True,5038.07,True,2132.0,True,,,,,,31089.36,True,,False,House/Duplex,False,,26021.27,False,False,False,True,48
482012409021019,2017,HUMBLE,TX,77338,False,4332,True,False,False,,30000.0,True,True,1,5c12d7abf2238e6fe404e091,True,Owner,True,6821.7,True,1742.0,True,,,,,,31126.15,True,,False,House/Duplex,False,,31126.15,False,False,False,True,53
482012508003018,2017,HUMBLE,TX,77346,False,4332,True,False,False,,,True,True,4,5c12d6d5f2238e6fe4ff9655,True,Owner,False,9138.33,True,2132.0,True,,,,,,31168.0,True,,False,House/Duplex,False,,31962.31,False,False,False,True,36
482012409021012,2017,HUMBLE,TX,77338,False,4332,True,False,False,,,True,True,2,5c12d70bf2238e6fe400eb5d,True,Owner,False,7202.71,True,2132.0,True,,,,,,31168.0,True,,False,House/Duplex,False,,43172.79,False,False,False,True,58
482015338011004,2017,HUMBLE,TX,77338,True,4332,True,False,False,,32500.0,True,False,2,5c12d80ff2238e6fe407651d,True,Owner,False,7843.69,True,2132.0,True,,,,,,31168.0,True,,False,Mobile Home,False,,52337.45,False,False,False,True,48
482012508003007,2017,HUMBLE,TX,77346,False,4332,True,False,False,,,True,True,2,5c12d849f2238e6fe408da17,True,Owner,False,3622.0,True,2132.0,True,,,,,,31168.0,True,,False,House/Duplex,False,,53956.46,False,False,False,False,41
482012409021017,2017,HUMBLE,TX,77338,False,4332,True,False,False,,,True,True,2,5c12d8bff2238e6fe40bc987,True,Owner,False,7544.77,True,2132.0,True,,,,,,31168.0,True,,False,House/Duplex,False,,33092.61,True,False,False,True,63
482012409022050,2017,HUMBLE,TX,77338,False,4332,True,False,False,,45000.0,True,True,1,5c12d6e6f2238e6fe4fffba4,True,Owner,False,7192.65,True,1594.0,True,,,,,,31206.0,True,,False,House/Duplex,False,,45135.92,True,False,False,True,74
482012507012082,2017,HUMBLE,TX,77338,False,4332,True,False,False,,700000.0,True,True,1,5c12d721f2238e6fe4016a33,True,Owner,False,7824.38,True,1594.0,True,,,,,,31206.0,True,,False,House/Duplex,False,,31386.23,True,False,False,True,31
482012409021014,2017,HUMBLE,TX,77338,False,4332,True,False,False,,32000.0,True,True,2,5c12d7d3f2238e6fe405de9e,True,Owner,False,7811.39,True,1594.0,True,,,,,,31206.0,True,,False,House/Duplex,False,,33698.7,True,True,False,True,55
482012409021012,2017,HUMBLE,TX,77338,False,4332,True,False,False,,21000.0,True,True,3,5c12d81ef2238e6fe407c87c,True,Owner,False,4702.08,True,1594.0,True,,,,,,31206.0,True,,False,House/Duplex,False,,36704.33,True,False,False,True,68
482012508002008,2017,HUMBLE,TX,77346,False,4332,True,False,False,,366654.0,True,True,1,5c12d830f2238e6fe4083d32,True,Owner,False,6507.07,True,1594.0,True,,,,,,31206.0,True,,False,House/Duplex,False,,31782.66,False,False,True,True,25
482012409021012,2017,HUMBLE,TX,77338,False,4332,True,False,False,,45520.0,True,True,1,5c12d85df2238e6fe4095ed2,True,Owner,False,7002.78,True,1594.0,True,,,,,,31206.0,True,,False,House/Duplex,False,,35856.64,True,False,False,True,53
482012507012017,2017,HUMBLE,TX,77338,False,4332,True,False,False,,31944.0,True,True,1,5c12d864f2238e6fe4098575,True,Owner,False,6286.84,True,1594.0,True,,,,,,31206.0,True,,False,House/Duplex,False,,38303.13,False,False,False,True,50
482012408021096,2017,HUMBLE,TX,77338,False,4332,True,False,False,,58000.0,True,False,1,5c12d881f2238e6fe40a3f02,True,Owner,False,9448.56,True,1594.0,True,,,,,,31206.0,True,,False,House/Duplex,False,,62003.01,False,False,False,True,26
482012408021078,2017,HUMBLE,TX,77338,False,4332,True,False,False,,70000.0,True,True,4,5c12d8acf2238e6fe40b57cd,True,Owner,False,7480.37,True,1594.0,True,,,,,,31206.0,True,,False,House/Duplex,False,,31629.57,False,True,False,True,28
482012409021019,2017,HUMBLE,TX,77338,False,4332,True,False,False,,,True,True,1,5c12d753f2238e6fe402ab86,True,Owner,False,7524.75,True,,False,,,,,,31240.24,True,,False,Townhouse,False,,31240.24,False,False,False,True,31
482012409021017,2017,HUMBLE,TX,77338,False,4332,True,False,False,,100653.0,True,True,2,5c12d81af2238e6fe407af03,True,Owner,False,7702.99,True,1742.0,True,,,,,,31257.99,True,,False,House/Duplex,False,,31257.99,False,False,False,True,58
482012507012058,2017,HUMBLE,TX,77338,False,4332,True,False,False,,,True,False,3,5c12d6ccf2238e6fe4ff5afa,True,Owner,False,10045.77,True,1952.0,True,,,,,,31348.0,True,,False,House/Duplex,False,,31601.68,False,False,True,True,48
482012507012051,2017,HUMBLE,TX,77338,False,4332,True,False,False,,,True,True,2,5c12d7ecf2238e6fe4067e53,True,Owner,False,7507.15,True,1952.0,True,,,,,,31348.0,True,,False,House/Duplex,False,,33632.24,False,False,False,True,53
482012409021014,2017,HUMBLE,TX,77338,False,4332,True,False,False,,71016.0,True,True,2,5c12d85df2238e6fe4095e1b,True,Owner,False,7993.6,True,1952.0,True,,,,,,31348.0,True,,False,House/Duplex,False,,53311.36,False,False,False,True,93
482012508003070,2017,HUMBLE,TX,77346,False,4332,True,False,False,,100000.0,True,True,2,5c12d7e7f2238e6fe4065bae,True,Owner,False,4960.1,True,1594.0,True,,,,,,31386.97,True,,False,House/Duplex,False,,27700.52,True,False,False,True,24
482012408021002,2017,HUMBLE,TX,77338,False,4332,True,False,False,,30000.0,True,True,2,5c12d6d6f2238e6fe4ff99db,True,Owner,False,3535.58,True,,False,,,,,,31406.1,True,,False,House/Duplex,False,,31406.1,False,False,False,True,49
482012513004015,2017,HUMBLE,TX,77339,False,4332,True,False,False,,42818.0,True,True,2,5c12d6b8f2238e6fe4fed9d6,True,Owner,False,8568.86,True,1742.0,True,,,,,,31558.0,True,,False,House/Duplex,False,,33978.95,False,False,False,True,30
482012409021012,2017,HUMBLE,TX,77338,False,4332,True,False,False,,100000.0,True,True,1,5c12d78af2238e6fe40406e2,True,Owner,False,6171.81,True,1742.0,True,,,,,,31558.0,True,,False,House/Duplex,False,,34998.76,False,False,False,True,57
482012408021134,2017,HUMBLE,TX,77338,False,4332,True,False,False,,150046.0,True,True,2,5c12d795f2238e6fe4044e71,True,Owner,False,6758.5,True,1742.0,True,,,,,,31558.0,True,,False,House/Duplex,False,,31639.72,False,False,False,True,37
482012504023002,2017,HUMBLE,TX,77346,False,4332,True,False,False,,19224.0,True,False,1,5c12d6d7f2238e6fe4ffa501,True,Owner,False,5955.85,True,1594.0,True,,,,,,31706.0,True,,False,House/Duplex,False,,31883.7,False,False,False,True,28
482012408021079,2017,HUMBLE,TX,77338,False,4332,True,False,False,,67000.0,True,True,1,5c12d6eff2238e6fe40036a2,True,Owner,False,5849.32,True,1594.0,True,,,,,,31706.0,True,,False,House/Duplex,False,,33726.19,True,False,False,True,39
482012322002007,2017,HUMBLE,TX,77396,False,4332,True,False,False,,24000.0,True,False,1,5c12d733f2238e6fe401dff9,True,Owner,False,6916.86,True,1594.0,True,,,,,,31706.0,True,,False,Mobile Home,False,,46052.01,False,False,False,True,96
482012507012012,2017,HUMBLE,TX,77338,False,4332,True,False,False,,47295.0,True,False,1,5c12d751f2238e6fe4029ef3,True,Owner,False,5004.12,True,1594.0,True,,,,,,31706.0,True,,False,House/Duplex,False,,59499.81,False,False,False,True,64
482012409021012,2017,HUMBLE,TX,77338,False,4332,True,False,False,,70078.0,True,True,1,5c12d758f2238e6fe402cd08,True,Owner,False,5404.3,True,1594.0,True,,,,,,31706.0,True,,False,House/Duplex,False,,34312.5,False,False,False,True,51
482012507012082,2017,HUMBLE,TX,77338,False,4332,True,False,False,,24640.0,True,True,2,5c12d79df2238e6fe40480f4,True,Owner,False,6445.72,True,1594.0,True,,,,,,31706.0,True,,False,House/Duplex,False,,43538.55,False,False,False,True,45
482012409021014,2017,HUMBLE,TX,77338,False,4332,True,False,False,,70000.0,True,True,2,5c12d7a5f2238e6fe404ba3c,True,Owner,False,6707.45,True,1594.0,True,,,,,,31706.0,True,,False,House/Duplex,False,,46295.36,True,False,False,True,75
482012508003007,2017,HUMBLE,TX,77346,False,4332,True,False,False,,75000.0,True,True,2,5c12d7b2f2238e6fe4050aab,True,Owner,False,5134.1,True,1594.0,True,,,,,,31706.0,True,,False,House/Duplex,False,,33779.86,True,False,False,True,18
482012408021026,2017,HUMBLE,TX,77338,False,4332,True,False,False,,40320.0,True,True,2,5c12d7baf2238e6fe4053b9f,True,Owner,False,6972.08,True,1594.0,True,,,,,,31706.0,True,,False,House/Duplex,False,,32451.7,False,False,False,True,112
482012508002019,2017,HUMBLE,TX,77346,False,4332,True,False,False,,371500.0,True,True,2,5c12d7e1f2238e6fe40638ce,True,Owner,False,5131.35,True,1594.0,True,,,,,,31706.0,True,,False,House/Duplex,False,,32027.89,False,False,False,True,37
482012408021002,2017,HUMBLE,TX,77338,False,4332,True,False,False,,16000.0,True,True,2,5c12d83bf2238e6fe40884e3,True,Owner,False,6779.68,True,1594.0,True,,,,,,31706.0,True,,False,House/Duplex,False,,39166.77,False,False,False,True,31
482012409021012,2017,HUMBLE,TX,77338,False,4332,True,False,False,,67000.0,True,True,1,5c12d86bf2238e6fe409b48a,True,Owner,False,6171.81,True,1594.0,True,,,,,,31706.0,True,,False,House/Duplex,False,,34034.22,False,False,False,True,49
482012409021012,2017,HUMBLE,TX,77338,False,4332,True,False,False,,37800.0,True,True,2,5c12d8abf2238e6fe40b4c75,True,Owner,False,4578.47,True,1594.0,True,,,,,,31706.0,True,,False,House/Duplex,False,,41736.9,False,False,False,True,57
482012510001029,2017,HUMBLE,TX,77339,False,4332,True,False,False,,165000.0,True,True,2,5c12d8c0f2238e6fe40bd02c,True,Owner,False,11282.77,True,1594.0,True,,,,,,31706.0,True,,False,House/Duplex,False,,38045.81,True,False,False,True,51
482012409021012,2017,HUMBLE,TX,77338,False,4332,True,False,False,,45000.0,True,True,1,5c12d8c5f2238e6fe40beef0,True,Owner,False,5066.88,True,1594.0,True,,,,,,31706.0,True,,False,House/Duplex,False,,33482.43,True,False,False,True,70
482012508003018,2017,HUMBLE,TX,77346,False,4332,True,False,False,,104800.0,True,True,2,5c12d6daf2238e6fe4ffb6d2,True,Owner,False,6019.49,True,,False,,,,,,32063.76,True,,False,House/Duplex,False,,32063.76,True,False,False,False,36
482012501002001,2017,HUMBLE,TX,77396,False,4332,True,False,False,,24000.0,True,True,3,5c12d6e6f2238e6fe4fff917,True,Owner,False,3813.8,True,,False,,,,,,32200.0,True,,False,House/Duplex,True,747.0,35787.58,False,False,False,True,24
482012507012076,2017,HUMBLE,TX,77338,False,4332,True,False,False,,,True,True,3,5c12d6d4f2238e6fe4ff8d84,True,Owner,True,3399.77,True,,False,,,,,,32205.29,True,,False,Mobile Home,False,,32205.29,False,False,True,True,58
482012409021014,2017,HUMBLE,TX,77338,False,4332,True,False,False,,48000.0,True,True,2,5c12d6cef2238e6fe4ff6b25,True,Owner,False,6294.79,True,,False,,,,,,32800.0,True,,False,House/Duplex,False,,34064.05,True,False,False,True,73
482012507012080,2017,HUMBLE,TX,77338,False,4332,True,False,False,,30000.0,True,True,3,5c12d724f2238e6fe4018022,True,Owner,False,9989.01,True,,False,,,,,,32800.0,True,,False,House/Duplex,False,,34462.63,False,True,True,True,39
482012322002006,2017,HUMBLE,TX,77396,False,4332,True,False,False,,,True,True,7,5c12d759f2238e6fe402d4cd,True,Owner,False,10145.59,True,,False,,,,,,32800.0,True,,False,House/Duplex,False,,44516.22,False,False,False,True,48
482012507012083,2017,HUMBLE,TX,77338,False,4332,True,False,False,,,True,True,3,5c12d7bff2238e6fe4055d30,True,Owner,False,6161.5,True,,False,,,,,,32800.0,True,,False,House/Duplex,False,,34538.3,False,False,False,True,46
482012408021078,2017,HUMBLE,TX,77338,False,4332,True,False,False,,120000.0,True,True,5,5c12d819f2238e6fe407a77e,True,Owner,False,11783.32,True,,False,,,,,,32800.0,True,,False,House/Duplex,False,,41816.04,True,False,False,True,51
482012508003007,2017,HUMBLE,TX,77346,False,4332,True,False,False,,153000.0,True,True,3,5c12d820f2238e6fe407d88e,True,Owner,False,7332.18,True,,False,,,,,,32800.0,True,,False,House/Duplex,False,,37976.98,True,False,False,True,56
482012409021019,2017,HUMBLE,TX,77338,False,4332,True,False,False,,,True,True,4,5c12d824f2238e6fe407f110,True,Owner,False,10429.37,True,,False,,,,,,32800.0,True,,False,House/Duplex,False,,33491.97,True,False,False,True,51
482012508003005,2017,HUMBLE,TX,77346,False,4332,True,False,False,,50000.0,True,True,2,5c12d839f2238e6fe4087593,True,Owner,False,5316.0,True,,False,,,,,,32800.0,True,,False,House/Duplex,False,,51665.98,True,False,False,True,58
482012507012082,2017,HUMBLE,TX,77338,False,4332,True,False,False,,26400.0,True,True,8,5c12d8aff2238e6fe40b671b,True,Owner,False,9700.26,True,,False,,,,,,32800.0,True,,False,House/Duplex,False,,34269.27,False,False,True,True,41
482012408021063,2017,HUMBLE,TX,77338,False,4332,True,False,False,,60000.0,True,True,3,5c12d774f2238e6fe4037732,True,Owner,False,9071.65,True,291.85,True,,,,,,32808.16,True,,False,House/Duplex,False,,32808.16,False,False,False,True,50
482012508003025,2017,HUMBLE,TX,77346,False,4332,True,False,False,,100000.0,True,True,3,5c12d6fef2238e6fe40092b6,True,Owner,False,3793.92,True,,False,,,,,,33300.0,True,,False,House/Duplex,False,,57602.03,True,False,False,True,25
482012508003007,2017,HUMBLE,TX,77346,False,4332,True,False,False,,300000.0,True,True,4,5c12d7abf2238e6fe404dfde,True,Owner,False,6763.22,True,,False,,,,,,33300.0,True,,False,House/Duplex,True,298.8,39082.54,True,False,False,True,28
482012507012087,2017,HUMBLE,TX,77338,False,4332,True,False,False,,267000.0,True,True,3,5c12d887f2238e6fe40a61f5,True,Owner,False,4607.56,True,,False,,,,,,33300.0,True,,False,House/Duplex,False,,57141.79,False,False,True,True,29
